class,feature,mean,std,min,max,median
Blackhole, id,559903.2951859684,414860.3840660962,101000.0,3002096.0,506031.0
Blackhole, Time,2210.141808682672,1008.7057289497698,53.0,3553.0,2403.0
Blackhole, Is_CH,1.0,0.0,1.0,1.0,1.0
Blackhole, who CH,559935.0226396318,414870.2810835465,101000.0,3002100.0,506100.0
Blackhole, Dist_To_CH,0.0,0.0,0.0,0.0,0.0
Blackhole, ADV_S,1.0,0.0,1.0,1.0,1.0
Blackhole, ADV_R,17.02500310983953,9.563982717004578,0.0,28.0,24.0
Blackhole, JOIN_S,0.0,0.0,0.0,0.0,0.0
Blackhole, JOIN_R,5.145664883692001,11.446275442279122,0.0,99.0,0.0
Blackhole, SCH_S,0.36932454285358873,0.4826519478313759,0.0,1.0,0.0
Blackhole, SCH_R,0.021271302400796117,0.1442963067666223,0.0,1.0,0.0
Blackhole,Rank,0.0,0.0,0.0,0.0,0.0
Blackhole, DATA_S,0.0,0.0,0.0,0.0,0.0
Blackhole, DATA_R,305.03221793755444,453.46245806877425,0.0,1372.0,0.0
Blackhole, Data_Sent_To_BS,0.0,0.0,0.0,0.0,0.0
Blackhole, dist_CH_To_BS,0.0,0.0,0.0,0.0,0.0
Blackhole, send_code ,0.0,0.0,0.0,0.0,0.0
Blackhole,Expaned Energy,0.19009190322179376,0.5111690123220092,0.00224,2.36378,0.00471
Flooding, id,319660.1377358491,189202.48236666276,101001.0,902096.0,301088.0
Flooding, Time,703.622641509434,296.68259718692383,53.0,1303.0,753.0
Flooding, Is_CH,1.0,0.0,1.0,1.0,1.0
Flooding, who CH,319660.17962264153,189202.45676582845,101001.0,902096.0,301088.0
Flooding, Dist_To_CH,0.0,0.0,0.0,0.0,0.0
Flooding, ADV_S,17.092830188679244,13.005170208830744,1.0,97.0,15.0
Flooding, ADV_R,23.952075471698112,7.1891059309494185,0.0,28.0,28.0
Flooding, JOIN_S,0.0,0.0,0.0,0.0,0.0
Flooding, JOIN_R,2.601509433962264,10.80635681736097,0.0,124.0,0.0
Flooding, SCH_S,0.16867924528301886,0.3745390408910172,0.0,1.0,0.0
Flooding, SCH_R,0.1890566037735849,0.3916274768195061,0.0,1.0,0.0
Flooding,Rank,0.0,0.0,0.0,0.0,0.0
Flooding, DATA_S,0.0,0.0,0.0,0.0,0.0
Flooding, DATA_R,142.6433962264151,313.42255503203074,0.0,1360.0,0.0
Flooding, Data_Sent_To_BS,32.61245283018868,55.840301697941264,0.0,241.0,13.0
Flooding, dist_CH_To_BS,126.6434034754717,40.28753647621485,0.0,201.93494,126.71753
Flooding, send_code ,0.0,0.0,0.0,0.0,0.0
Flooding,Expaned Energy,1.2276412037735847,1.0684701651572348,0.00742,4.61098,0.912125
Grayhole, id,659688.9835574205,510503.7451234742,101000.0,3301096.0,602029.0
Grayhole, Time,2282.4036139419372,935.9111997351087,53.0,3553.0,2503.0
Grayhole, Is_CH,1.0,0.0,1.0,1.0,1.0
Grayhole, who CH,659725.3973623362,510509.20212879573,101000.0,3301100.0,602100.0
Grayhole, Dist_To_CH,0.0,0.0,0.0,0.0,0.0
Grayhole, ADV_S,1.0,0.0,1.0,1.0,1.0
Grayhole, ADV_R,19.015243641346235,9.125975366981494,0.0,28.0,25.0
Grayhole, JOIN_S,0.0,0.0,0.0,0.0,0.0
Grayhole, JOIN_R,3.0025691530358825,8.992192965988052,0.0,99.0,0.0
Grayhole, SCH_S,0.20775884216836515,0.40572059664705273,0.0,1.0,0.0
Grayhole, SCH_R,0.004196283291941424,0.06464543591210777,0.0,1.0,0.0
Grayhole,Rank,0.0,0.0,0.0,0.0,0.0
Grayhole, DATA_S,0.0,0.0,0.0,0.0,0.0
Grayhole, DATA_R,177.51905455168279,379.33460104781324,0.0,1372.0,0.0
Grayhole, Data_Sent_To_BS,12.225400359681425,26.92249789608097,0.0,140.0,1.0
Grayhole, dist_CH_To_BS,75.7595654483172,64.79588215641381,0.0,176.62353,91.08583
Grayhole, send_code ,0.0,0.0,0.0,0.0,0.0
Grayhole,Expaned Energy,0.47859831634837713,0.8542892144531087,0.0,4.16814,0.03693
Normal, id,249675.1888241954,375247.97814251774,101000.0,3402096.0,115036.0
Normal, Time,973.4254958610854,830.349986143338,50.0,3600.0,753.0
Normal, Is_CH,0.027200682222516284,0.16266807422872095,0.0,1.0,0.0
Normal, who CH,249684.60944966404,375260.0727050929,101000.0,3402100.0,115040.0
Normal, Dist_To_CH,24.866873069192653,21.756889065584883,0.0,214.27462,20.86783
Normal, ADV_S,0.037474453413318044,0.417441704326736,0.0,23.0,0.0
Normal, ADV_R,5.983657536059283,5.889012275384994,0.0,117.0,5.0
Normal, JOIN_S,0.8581080087630306,0.34893996850170456,0.0,1.0,1.0
Normal, JOIN_R,0.22210459765044918,2.574765445856049,0.0,99.0,0.0
Normal, SCH_S,0.015673474188758033,0.12420898962994825,0.0,1.0,0.0
Normal, SCH_R,0.820096893240998,0.3841074345216671,0.0,1.0,1.0
Normal,Rank,10.682376898534104,15.096329819101335,0.0,99.0,4.0
Normal, DATA_S,49.37978033611221,42.1166890259116,0.0,241.0,40.0
Normal, DATA_R,62.101815094173176,205.22566174249636,0.0,1496.0,0.0
Normal, Data_Sent_To_BS,3.6862107244203313,16.264203183334114,0.0,241.0,0.0
Normal, dist_CH_To_BS,19.89554066163822,47.823035945587904,0.0,201.93494,0.0
Normal, send_code ,2.74682046079426,2.381958953092698,0.0,15.0,2.0
Normal,Expaned Energy,0.2895133768176672,0.6527774424876911,0.0,45.09394,0.10263
TDMA, id,251678.93785310735,163929.78557522662,101000.0,902070.0,205083.0
TDMA, Time,1423.1035781544256,981.5318985024066,53.0,3553.0,1253.0
TDMA, Is_CH,0.9365348399246705,0.24382069049162494,0.0,1.0,1.0
TDMA, who CH,251693.53013182673,163943.66382230746,101000.0,902100.0,205100.0
TDMA, Dist_To_CH,1.7474262617702447,8.28227611252061,0.0,102.4301,0.0
TDMA, ADV_S,0.9365348399246705,0.24382069049162494,0.0,1.0,1.0
TDMA, ADV_R,5.333145009416196,2.838255019800017,0.0,26.0,5.0
TDMA, JOIN_S,0.06007532956685499,0.23764873300555875,0.0,1.0,0.0
TDMA, JOIN_R,14.475517890772128,15.061263211448876,0.0,99.0,10.0
TDMA, SCH_S,14.475517890772128,15.061263211448876,0.0,99.0,10.0
TDMA, SCH_R,0.0583804143126177,0.2344834664882284,0.0,1.0,0.0
TDMA,Rank,1.1634651600753296,6.336310050773387,0.0,89.0,0.0
TDMA, DATA_S,2.973069679849341,14.967316367080915,0.0,241.0,0.0
TDMA, DATA_R,61.84670433145009,196.41012864863742,0.0,1298.0,0.0
TDMA, Data_Sent_To_BS,25.57777777777778,64.27297070456903,0.0,241.0,0.0
TDMA, dist_CH_To_BS,22.815904137476462,49.41102103812304,0.0,176.62353,0.0
TDMA, send_code ,0.17024482109227873,0.8084711930204923,0.0,10.0,0.0
TDMA,Expaned Energy,0.4856840508474576,0.8625339124947915,0.00222,4.95157,0.00724
